Generale,Contesto,Bambini,Donne,Contesto|Ambiente,Contesto|Abitazione,Contesto|Evoluzione digitale,Contesto|Sicurezza e protezione,Contesto|Violenza contro donne e bambini,Bambini|Salute,Bambini|Istruzione,Bambini|Povertà educativa,Bambini|Capitale umano,Bambini|Capitale economico,Donne|Salute,Donne|Educazione,Donne|Opportunità economiche,Donne|Conciliazione vita-lavoro,Donne|Partecipazione politica,1,2,3,4,5,6,7,8,9,10,11,12,13,14,15,16,17,18,19,20,21,22,23,24,25,26,27,28,29,30
55.3,65.1,53.0,49.0,57.8,92.3,65.2,52.0,64.9,46.1,63.2,34.1,74.7,56.5,52.7,61.1,28.7,63.2,48.3,,504.0,5.0,10.4,64.8,19.5,0.6,11.9,0.217596189172553,,25.2,2.83,34.4,39.3,14.3,19.6,61.8,34.7,26.4,29583.734473288663,66.2,57.6,34.1,8.6,18.0074127373314,26.4,25.5,74.8,35.4,20.3
56.8,68.6,53.9,49.6,60.2,93.2,69.6,58.3,66.8,46.2,62.6,36.4,75.4,57.2,52.9,60.9,29.2,64.9,49.2,,503.0,5.0,8.6,65.1,22.0,0.5,10.4,0.22194345109337338,,25.6,2.85,35.2,39.6,13.3,19.9,62.3,35.1,26.5,30079.952989815683,66.6,57.6,33.9,8.6,17.8038933588677,26.5,26.9,75.4,35.4,21.1
56.4,70.8,50.8,49.8,62.3,92.5,69.9,66.3,66.6,43.7,62.6,32.4,70.5,54.1,57.1,57.7,28.7,64.6,50.1,,487.0,6.1,8.9,65.8,22.0,0.5,6.8,0.21972663055607072,,26.3,2.79,35.2,39.6,14.2,17.3,62.6,29.8,26.5,27938.29234491217,66.5,60.1,34.5,7.4,18.1146342799173,26.5,27.2,74.2,35.4,22.0
55.8,70.8,48.2,51.0,62.3,92.3,71.9,65.6,65.7,43.7,58.5,35.5,49.9,57.2,55.5,64.7,29.6,64.0,50.5,,487.0,5.9,9.4,69.7,22.0,0.5,7.1,0.23100140495054491,,26.3,2.79,38.5,44.5,12.7,17.3,62.7,8.3,26.6,30136.20804061001,66.0,59.3,33.3,10.0,17.6718135892796,26.6,27.2,73.0,35.4,22.3
55.6,70.8,48.2,50.4,62.3,92.3,71.9,65.6,65.7,43.7,58.9,35.5,49.9,57.2,55.5,64.7,29.6,64.0,47.6,,487.0,5.9,9.4,69.7,22.0,0.5,7.1,0.23100140495054491,,26.3,2.79,38.6,43.6,12.7,17.3,62.7,8.3,26.6,30136.20804061001,66.0,59.3,33.3,10.0,17.6718135892796,26.6,27.2,73.0,33.33333333333333,22.3
